{"info":{"_postman_id":"9f40d54e-fd4c-4d3b-86dc-af9e6393f6a1","name":"Models","schema":"https://schema.getpostman.com/json/collection/v2.1.0/collection.json"},"item":[{"name":"Predict","id":"222c1814-0bf5-4e50-9bf2-d70254a48e9f","protocolProfileBehavior":{"disableBodyPruning":true},"request":{"method":"POST","header":[],"body":{"mode":"formdata","formdata":[{"key":"file","type":"file","fileNotInWorkingDirectoryWarning":"This file isn't in your working directory. Teammates you share this request with won't be able to use this file. To make collaboration easier you can setup your working directory in Settings.","filesNotInWorkingDirectory":["/C:/Users/dafar/Downloads/5-263775-B-26.wav"],"value":null}]},"url":{"raw":"localhost:8000/predict","host":["localhost"],"port":"8000","path":["predict"]}},"response":[]}]}