{"info":{"_postman_id":"eefbc4b8-8274-4497-ada3-c71c54783270","name":"Auth","schema":"https://schema.getpostman.com/json/collection/v2.1.0/collection.json"},"item":[{"name":"Login","id":"bdcb6c28-78d0-4159-b778-641e1dd1c223","protocolProfileBehavior":{"disableBodyPruning":true},"request":{"method":"POST","header":[],"body":{"mode":"raw","raw":"{\r\n    \"email\": \"admin@gmail.com\",\r\n    \"password\": \"rahasia\"\r\n}","options":{"raw":{"language":"json"}}},"url":{"raw":"{{URL}}/login","host":["{{URL}}"],"path":["login"]}},"response":[{"id":"9291f6fd-f422-4cb4-9749-207603bf8442","name":"Success Example","originalRequest":{"method":"POST","header":[],"body":{"mode":"raw","raw":"{\r\n    \"email\": \"fuji@gmail.com\",\r\n    \"password\": \"rahasia\"\r\n}","options":{"raw":{"language":"json"}}},"url":{"raw":"{{URL}}/login","host":["{{URL}}"],"path":["login"]}},"status":"OK","code":200,"_postman_previewlanguage":"json","header":[{"key":"content-type","value":"application/json; charset=utf-8"},{"key":"vary","value":"origin"},{"key":"access-control-expose-headers","value":"WWW-Authenticate,Server-Authorization"},{"key":"cache-control","value":"no-cache"},{"key":"content-length","value":"395"},{"key":"Date","value":"Tue, 28 May 2024 14:55:30 GMT"},{"key":"Connection","value":"keep-alive"},{"key":"Keep-Alive","value":"timeout=5"}],"cookie":[],"responseTime":null,"body":"{\n    \"status\": \"success\",\n    \"message\": \"Berhasil login!\",\n    \"data\": {\n        \"token\": \"eyJhbGciOiJIUzI1NiIsInR5cCI6IkpXVCJ9.eyJpZCI6IjllMjJiYWZlLTQ4YWMtNGNlYy1iYjE0LWU2YTY0YjMyOGYwOCIsImZ1bGxuYW1lIjoiRnVqaSIsImVtYWlsIjoiRnVqaSIsImlhdCI6MTcxNjkwODEzMCwiZXhwIjoxNzE5NTAwMTMwfQ.AvyPnBpD7AZQuwd7MtKCsYZAtW074Tm_bmPWjxeT1nU\",\n        \"user\": {\n            \"id\": \"9e22bafe-48ac-4cec-bb14-e6a64b328f08\",\n            \"fullname\": \"Fuji\",\n            \"email\": \"fuji@gmail.com\"\n        }\n    }\n}"},{"id":"bd21ab1c-8e5c-49d6-afd9-261cb226b6f7","name":"Failed Example","originalRequest":{"method":"POST","header":[],"body":{"mode":"raw","raw":"{\r\n    \"email\": \"fuji@gmail.com\",\r\n    \"password\": \"rahasia123\"\r\n}","options":{"raw":{"language":"json"}}},"url":{"raw":"{{URL}}/login","host":["{{URL}}"],"path":["login"]}},"status":"Bad Request","code":400,"_postman_previewlanguage":"json","header":[{"key":"content-type","value":"application/json; charset=utf-8"},{"key":"vary","value":"origin"},{"key":"access-control-expose-headers","value":"WWW-Authenticate,Server-Authorization"},{"key":"cache-control","value":"no-cache"},{"key":"content-length","value":"57"},{"key":"Date","value":"Tue, 28 May 2024 14:55:47 GMT"},{"key":"Connection","value":"keep-alive"},{"key":"Keep-Alive","value":"timeout=5"}],"cookie":[],"responseTime":null,"body":"{\n    \"status\": \"fail\",\n    \"message\": \"Password salah!\",\n    \"data\": null\n}"}]},{"name":"Register","id":"3b790b11-faa2-47b1-9b60-7748ba208be9","protocolProfileBehavior":{"disableBodyPruning":true},"request":{"method":"POST","header":[],"body":{"mode":"raw","raw":"{\r\n    \"fullname\": \"user1\",\r\n    \"email\": \"user@gmail.com\",\r\n    \"password\": \"password123\"\r\n}","options":{"raw":{"language":"json"}}},"url":{"raw":"{{URL}}/register","host":["{{URL}}"],"path":["register"]}},"response":[{"id":"06bfb20c-ec1e-4b0a-a3ff-6ae388fe0e73","name":"Success Example","originalRequest":{"method":"POST","header":[],"body":{"mode":"raw","raw":"{\r\n    \"fullname\": \"user1\",\r\n    \"email\": \"user@gmail.com\",\r\n    \"password\": \"password123\"\r\n}","options":{"raw":{"language":"json"}}},"url":{"raw":"{{URL}}/register","host":["{{URL}}"],"path":["register"]}},"status":"OK","code":200,"_postman_previewlanguage":"json","header":[{"key":"content-type","value":"application/json; charset=utf-8"},{"key":"vary","value":"origin"},{"key":"access-control-expose-headers","value":"WWW-Authenticate,Server-Authorization"},{"key":"cache-control","value":"no-cache"},{"key":"content-length","value":"402"},{"key":"Date","value":"Tue, 28 May 2024 14:56:09 GMT"},{"key":"Connection","value":"keep-alive"},{"key":"Keep-Alive","value":"timeout=5"}],"cookie":[],"responseTime":null,"body":"{\n    \"status\": \"success\",\n    \"message\": \"Berhasil mendaftar!\",\n    \"data\": {\n        \"token\": \"eyJhbGciOiJIUzI1NiIsInR5cCI6IkpXVCJ9.eyJpZCI6ImU3ZDg2MTcyLWFhYzItNDQ0Yi04MTE2LTNiNTAwZjYwMzljZCIsImZ1bGxuYW1lIjoidXNlcjEiLCJlbWFpbCI6InVzZXIxIiwiaWF0IjoxNzE2OTA4MTY5LCJleHAiOjE3MTk1MDAxNjl9.tImstl6BWq0Fb-vxXdrgn3rTiFHMbrGAitC5U2dJ3Ro\",\n        \"user\": {\n            \"id\": \"e7d86172-aac2-444b-8116-3b500f6039cd\",\n            \"fullname\": \"user1\",\n            \"email\": \"user@gmail.com\"\n        }\n    }\n}"},{"id":"8e438c46-708c-4e9b-9d57-4a3e1028eb7b","name":"Failed Example","originalRequest":{"method":"POST","header":[],"body":{"mode":"raw","raw":"{\r\n    \"fullname\": \"user1\",\r\n    \"email\": \"user@gmail.com\",\r\n    \"password\": \"password123\"\r\n}","options":{"raw":{"language":"json"}}},"url":{"raw":"{{URL}}/register","host":["{{URL}}"],"path":["register"]}},"status":"Bad Request","code":400,"_postman_previewlanguage":"json","header":[{"key":"content-type","value":"application/json; charset=utf-8"},{"key":"vary","value":"origin"},{"key":"access-control-expose-headers","value":"WWW-Authenticate,Server-Authorization"},{"key":"cache-control","value":"no-cache"},{"key":"content-length","value":"61"},{"key":"Date","value":"Tue, 28 May 2024 14:56:31 GMT"},{"key":"Connection","value":"keep-alive"},{"key":"Keep-Alive","value":"timeout=5"}],"cookie":[],"responseTime":null,"body":"{\n    \"status\": \"fail\",\n    \"message\": \"Pengguna sudah ada!\",\n    \"data\": null\n}"}]},{"name":"Get User","id":"9d14266f-17cb-4739-948d-528f8fddef2d","protocolProfileBehavior":{"disableBodyPruning":true},"request":{"auth":{"type":"bearer","bearer":[{"key":"token","value":"eyJhbGciOiJIUzI1NiIsInR5cCI6IkpXVCJ9.eyJpZCI6ImJkNzYwNmUzLWYwOGMtNDQ4MS05NTc5LTEwMzA2ZTYxNDVlNCIsImZ1bGxuYW1lIjoiRnVqaSIsImVtYWlsIjoiRnVqaSIsImlhdCI6MTcxNzk0NjgwMiwiZXhwIjoxNzIwNTM4ODAyfQ.fnhK9E8iQ1S9PllKeXJHVy5USZeoWKj6YYLPKsgFsRA","type":"string"}]},"method":"GET","header":[],"url":{"raw":"{{URL}}/me","host":["{{URL}}"],"path":["me"]}},"response":[{"id":"3ec3243c-1969-4897-b84b-66d0a8ea54ea","name":"Failed Example","originalRequest":{"method":"GET","header":[],"url":{"raw":"{{URL}}/me","host":["{{URL}}"],"path":["me"]}},"status":"Unauthorized","code":401,"_postman_previewlanguage":"json","header":[{"key":"content-type","value":"application/json; charset=utf-8"},{"key":"vary","value":"origin"},{"key":"access-control-expose-headers","value":"WWW-Authenticate,Server-Authorization"},{"key":"cache-control","value":"no-cache"},{"key":"content-length","value":"65"},{"key":"Date","value":"Tue, 28 May 2024 14:56:47 GMT"},{"key":"Connection","value":"keep-alive"},{"key":"Keep-Alive","value":"timeout=5"}],"cookie":[],"responseTime":null,"body":"{\n    \"status\": \"fail\",\n    \"message\": \"Authentication invalid!\",\n    \"data\": null\n}"},{"id":"914e7872-737f-4be2-9313-1c5affdf8a1a","name":"Success Example","originalRequest":{"method":"GET","header":[],"url":{"raw":"{{URL}}/me","host":["{{URL}}"],"path":["me"]}},"status":"OK","code":200,"_postman_previewlanguage":"json","header":[{"key":"content-type","value":"application/json; charset=utf-8"},{"key":"vary","value":"origin"},{"key":"access-control-expose-headers","value":"WWW-Authenticate,Server-Authorization"},{"key":"cache-control","value":"no-cache"},{"key":"content-length","value":"154"},{"key":"accept-ranges","value":"bytes"},{"key":"Date","value":"Tue, 28 May 2024 14:57:22 GMT"},{"key":"Connection","value":"keep-alive"},{"key":"Keep-Alive","value":"timeout=5"}],"cookie":[],"responseTime":null,"body":"{\n    \"status\": \"success\",\n    \"message\": \"Berhasil mendapatkan data pengguna!\",\n    \"data\": {\n        \"id\": \"9e22bafe-48ac-4cec-bb14-e6a64b328f08\",\n        \"fullname\": \"Fuji\",\n        \"email\": \"Fuji\"\n    }\n}"}]}]}